DELETE FROM COMPOSITION;
DELETE FROM PRODUIT;
DELETE FROM INGREDIENT;
DELETE FROM TYPEINGREDIENT;
DELETE FROM RANGEMENT;
DELETE FROM RECETTE;

-- Les recettes

-- RefRecette, NomRecette, DescriptioRecette, CaloriesRecette, Photo, Difficulte, TempsPreparation, TempsCuisson, NbPersonnes

INSERT INTO RECETTE VALUES ('r0001', 'Avocats au Crabe', 'Mélangez la mayonnaise ...', 370,'facile',15,0,4);
INSERT INTO RECETTE VALUES ('r0002', 'crêpes', 'Mettre la farine...',525, 'facile',10,30,5);
INSERT INTO RECETTE VALUES ('r0003', 'Cassolette d''escargots', 'Faites un court-bouillon ...', 465,'facile',30,90,4);
INSERT INTO RECETTE VALUES ('r0006', 'Moules au curry', 'Nettoyez bien les moules ...', 220,'facile',20,15,4);
INSERT INTO RECETTE (RefRecette, NomRecette,CaloriesRecette,NbPersonnes) VALUES ('r00085', 'Fondant au chocolat', 370, 6);
INSERT INTO RECETTE (RefRecette, NomRecette,CaloriesRecette,NbPersonnes) VALUES ('r00086', 'Gâteau marbré',475,8);
INSERT INTO RECETTE (RefRecette, NomRecette,CaloriesRecette,NbPersonnes) VALUES ('r00087', 'Gratin de poires',450,4);
INSERT INTO RECETTE (RefRecette, NomRecette,CaloriesRecette,NbPersonnes) VALUES ('r00089', 'Mousse de bananes',246,4);
INSERT INTO RECETTE (RefRecette, NomRecette,CaloriesRecette,NbPersonnes) VALUES ('r00104', 'Feuilleté au jambon',250,4);
INSERT INTO RECETTE (RefRecette, NomRecette,CaloriesRecette,NbPersonnes) VALUES ('r00105', 'Mayonnaise',447,4);
INSERT INTO RECETTE (RefRecette, NomRecette,CaloriesRecette,NbPersonnes) VALUES ('r00106', 'Galette de blé noir',235,4);
INSERT INTO RECETTE (RefRecette, NomRecette,CaloriesRecette,NbPersonnes) VALUES ('r00107', 'Pamplemousse',50,4);
INSERT INTO RECETTE (RefRecette,NomRecette,CaloriesRecette,NbPersonnes,TempsPreparation, TempsCuisson) VALUES ('r00108', 'Rosbif',298,5,10,45);


-- Types des ingrédients

-- RefType, NomType

INSERT INTO TYPEINGREDIENT VALUES ('t0001','farine');
INSERT INTO TYPEINGREDIENT VALUES ('t0002','sucre');
INSERT INTO TYPEINGREDIENT VALUES ('t0003','sel');
INSERT INTO TYPEINGREDIENT VALUES ('t0004','poivre');
INSERT INTO TYPEINGREDIENT VALUES ('t0005','moutarde');
INSERT INTO TYPEINGREDIENT VALUES ('t0006','fruit');
INSERT INTO TYPEINGREDIENT VALUES ('t0007','légume');
INSERT INTO TYPEINGREDIENT VALUES ('t0008','fruit de mer');
INSERT INTO TYPEINGREDIENT VALUES ('t0009','matière grasse');
INSERT INTO TYPEINGREDIENT VALUES ('t0010','sauce');
INSERT INTO TYPEINGREDIENT VALUES ('t0011','mollusque');
INSERT INTO TYPEINGREDIENT VALUES ('t0012','liquide');
INSERT INTO TYPEINGREDIENT VALUES ('t0013','produit laitier');
INSERT INTO TYPEINGREDIENT VALUES ('t0014','condiment');
INSERT INTO TYPEINGREDIENT VALUES ('t0015','oeuf');
INSERT INTO TYPEINGREDIENT VALUES ('t0016','levure');
INSERT INTO TYPEINGREDIENT VALUES ('t0017','chocolat');
INSERT INTO TYPEINGREDIENT VALUES ('t0018','épice');
INSERT INTO TYPEINGREDIENT VALUES ('t0019','pâtes pré_cuisinées');
INSERT INTO TYPEINGREDIENT VALUES ('t0020','viande de porc');
INSERT INTO TYPEINGREDIENT VALUES ('t0021','viande rouge');



-- Les ingrédients

-- RefIngredient, NomIngredient, caloriesIngredient, RefType

/* INSERT INTO INGREDIENT VALUES ('i0001','avocat', 139, 't0006');
INSERT INTO INGREDIENT VALUES ('i0002','mayonnaise', 710, 't0009'); 
INSERT INTO INGREDIENT VALUES ('i0003','ketchup', 114, 't0010');
INSERT INTO INGREDIENT VALUES ('i0004','chair de crabe', 97, 't0008');
INSERT INTO INGREDIENT VALUES ('i0005','escargot', 81, 't0011');
INSERT INTO INGREDIENT VALUES ('i0006','eau', 0, 't0012');
INSERT INTO INGREDIENT VALUES ('i0007','oignon', 34, 't0007');
INSERT INTO INGREDIENT VALUES ('i0008','vin blanc', 70, 't0012');
INSERT INTO INGREDIENT VALUES ('i0009','beurre', 752, 't0009');
INSERT INTO INGREDIENT VALUES ('i0010','crème fraîche', 300, 't0013');
INSERT INTO INGREDIENT VALUES ('i0011','persil', 27, 't0014');
INSERT INTO INGREDIENT VALUES ('i0012','sel fin', 0, 't0003');
INSERT INTO INGREDIENT VALUES ('i0013','poivre moulu', 210, 't0004');
INSERT INTO INGREDIENT VALUES ('i0014','thum', 30, 't0014');
INSERT INTO INGREDIENT VALUES ('i0015','laurier', 30, 't0014');
INSERT INTO INGREDIENT VALUES ('i0016','sucre blanc en poudre', 394, 't0002');
INSERT INTO INGREDIENT VALUES ('i0017','farine de blé blanche', 346, 't0001');
INSERT INTO INGREDIENT VALUES ('i0018','lait demi-écrémé', 46, 't0013');
INSERT INTO INGREDIENT VALUES ('i0019','oeuf entier', 146, 't0015');
INSERT INTO INGREDIENT VALUES ('i0020','jaune d''oeuf', 350, 't0015');
INSERT INTO INGREDIENT VALUES ('i0021','blanc d''oeuf', 44, 't0015');
INSERT INTO INGREDIENT VALUES ('i0022','levure chimique', 263, 't0016');
INSERT INTO INGREDIENT VALUES ('i0023','levure de boulanger', 80, 't0016');
INSERT INTO INGREDIENT VALUES ('i0024','cacao', 80, 't0017');
INSERT INTO INGREDIENT VALUES ('i0025','chocolat noir', 516, 't0017');
INSERT INTO INGREDIENT VALUES ('i0026','chocolat au lait', 540, 't0017');
INSERT INTO INGREDIENT VALUES ('i0027','sucre vanillé', 392, 't0002');
INSERT INTO INGREDIENT VALUES ('i0028','tomate', 19, 't0006');
INSERT INTO INGREDIENT VALUES ('i0029','pomme', 49, 't0006');
INSERT INTO INGREDIENT VALUES ('i0030','beurre allégé', 400, 't0009');
INSERT INTO INGREDIENT VALUES ('i0031','beurre à tartiner', 650, 't0009');
INSERT INTO INGREDIENT VALUES ('i0032','moule', 118, 't0008');
INSERT INTO INGREDIENT VALUES ('i0033','curry', 290, 't0018');
INSERT INTO INGREDIENT VALUES ('i0034','sucre glace', 394, 't0002');
INSERT INTO INGREDIENT VALUES ('i0035','poire', 50, 't0006');
INSERT INTO INGREDIENT VALUES ('i0036','huile', 900, 't0009');
INSERT INTO INGREDIENT VALUES ('i0037','vinaigre', 24, 't0014');
INSERT INTO INGREDIENT VALUES ('i0038','moutarde', 133, 't0014');
INSERT INTO INGREDIENT VALUES ('i0039','pomme de terre', 100, 't0007');
INSERT INTO INGREDIENT VALUES ('i0040','ananas', 47, 't0006');
INSERT INTO INGREDIENT VALUES ('i0041','farine de blé noir', 339, 't0001');
INSERT INTO INGREDIENT VALUES ('i0042','pamplemousse', 30, 't0006');
INSERT INTO INGREDIENT VALUES ('i0043','banane', 89, 't0006');
INSERT INTO INGREDIENT VALUES ('i0044','citron',28,'t0006');
INSERT INTO INGREDIENT VALUES ('i0045','pâte feuilletée',565,'t0019');
INSERT INTO INGREDIENT VALUES ('i0046','jambon',228,'t0020');
INSERT INTO INGREDIENT VALUES ('i0047','gruyère',378,'t0013');
INSERT INTO INGREDIENT VALUES ('i0048','rosbif',149,'t0021'); */

INSERT INTO INGREDIENT VALUES ('i0001','avocat', 't0006');
INSERT INTO INGREDIENT VALUES ('i0002','mayonnaise', 't0009'); 
INSERT INTO INGREDIENT VALUES ('i0003','ketchup',  't0010');
INSERT INTO INGREDIENT VALUES ('i0004','chair de crabe',  't0008');
INSERT INTO INGREDIENT VALUES ('i0005','escargot',  't0011');
INSERT INTO INGREDIENT VALUES ('i0006','eau',  't0012');
INSERT INTO INGREDIENT VALUES ('i0007','oignon',  't0007');
INSERT INTO INGREDIENT VALUES ('i0008','vin blanc',  't0012');
INSERT INTO INGREDIENT VALUES ('i0009','beurre',  't0009');
INSERT INTO INGREDIENT VALUES ('i0010','crème fraîche',  't0013');
INSERT INTO INGREDIENT VALUES ('i0011','persil',  't0014');
INSERT INTO INGREDIENT VALUES ('i0012','sel fin',  't0003');
INSERT INTO INGREDIENT VALUES ('i0013','poivre moulu',  't0004');
INSERT INTO INGREDIENT VALUES ('i0014','thum',  't0014');
INSERT INTO INGREDIENT VALUES ('i0015','laurier',  't0014');
INSERT INTO INGREDIENT VALUES ('i0016','sucre blanc en poudre',  't0002');
INSERT INTO INGREDIENT VALUES ('i0017','farine de blé blanche',  't0001');
INSERT INTO INGREDIENT VALUES ('i0018','lait demi-écrémé',  't0013');
INSERT INTO INGREDIENT VALUES ('i0019','oeuf entier',  't0015');
INSERT INTO INGREDIENT VALUES ('i0020','jaune d''oeuf',  't0015');
INSERT INTO INGREDIENT VALUES ('i0021','blanc d''oeuf',  't0015');
INSERT INTO INGREDIENT VALUES ('i0022','levure chimique',  't0016');
INSERT INTO INGREDIENT VALUES ('i0023','levure de boulanger',  't0016');
INSERT INTO INGREDIENT VALUES ('i0024','cacao',  't0017');
INSERT INTO INGREDIENT VALUES ('i0025','chocolat noir',  't0017');
INSERT INTO INGREDIENT VALUES ('i0026','chocolat au lait',  't0017');
INSERT INTO INGREDIENT VALUES ('i0027','sucre vanillé',  't0002');
INSERT INTO INGREDIENT VALUES ('i0028','tomate', 't0006');
INSERT INTO INGREDIENT VALUES ('i0029','pomme',  't0006');
INSERT INTO INGREDIENT VALUES ('i0030','beurre allégé',  't0009');
INSERT INTO INGREDIENT VALUES ('i0031','beurre à tartiner',  't0009');
INSERT INTO INGREDIENT VALUES ('i0032','moule',  't0008');
INSERT INTO INGREDIENT VALUES ('i0033','curry',  't0018');
INSERT INTO INGREDIENT VALUES ('i0034','sucre glace',  't0002');
INSERT INTO INGREDIENT VALUES ('i0035','poire',  't0006');
INSERT INTO INGREDIENT VALUES ('i0036','huile',  't0009');
INSERT INTO INGREDIENT VALUES ('i0037','vinaigre',  't0014');
INSERT INTO INGREDIENT VALUES ('i0038','moutarde',  't0014');
INSERT INTO INGREDIENT VALUES ('i0039','pomme de terre',  't0007');
INSERT INTO INGREDIENT VALUES ('i0040','ananas',  't0006');
INSERT INTO INGREDIENT VALUES ('i0041','farine de blé noir',  't0001');
INSERT INTO INGREDIENT VALUES ('i0042','pamplemousse', 't0006');
INSERT INTO INGREDIENT VALUES ('i0043','banane',  't0006');
INSERT INTO INGREDIENT VALUES ('i0044','citron','t0006');
INSERT INTO INGREDIENT VALUES ('i0045','pâte feuilletée','t0019');
INSERT INTO INGREDIENT VALUES ('i0046','jambon','t0020');
INSERT INTO INGREDIENT VALUES ('i0047','gruyère','t0013');
INSERT INTO INGREDIENT VALUES ('i0048','rosbif','t0021');

-- Les compositions

-- RefComposition,Quantite, RefRecette, RefIngredient

INSERT INTO COMPOSITION VALUES (1,2,'r0001','i0001');
INSERT INTO COMPOSITION VALUES (2,100,'r0001','i0002');
INSERT INTO COMPOSITION VALUES (3,50,'r0001','i0003');
INSERT INTO COMPOSITION VALUES (4,300,'r0001','i0004');

INSERT INTO COMPOSITION VALUES (5,50,'r0003','i0005');
INSERT INTO COMPOSITION VALUES (6,1000,'r0003','i0006');
INSERT INTO COMPOSITION VALUES (7,1,'r0003','i0007');
INSERT INTO COMPOSITION VALUES (8,300,'r0003','i0008');
INSERT INTO COMPOSITION VALUES (9,80,'r0003','i0009');
INSERT INTO COMPOSITION VALUES (10,250,'r0003','i0010');
INSERT INTO COMPOSITION VALUES (11,2,'r0003','i0011');
INSERT INTO COMPOSITION VALUES (12,1,'r0003','i0014');
INSERT INTO COMPOSITION VALUES (13,4,'r0003','i0015');
INSERT INTO COMPOSITION VALUES (14,1,'r0003','i0012');
INSERT INTO COMPOSITION VALUES (15,1,'r0003','i0013');

INSERT INTO COMPOSITION VALUES (16,250,'r00086','i0009');
INSERT INTO COMPOSITION VALUES (17,200,'r00086','i0016');
INSERT INTO COMPOSITION VALUES (18,200,'r00086','i0017');
INSERT INTO COMPOSITION VALUES (19,500,'r00086','i0018');
INSERT INTO COMPOSITION VALUES (20,2,'r00086','i0019');
INSERT INTO COMPOSITION VALUES (21,11,'r00086','i0022');
INSERT INTO COMPOSITION VALUES (22,60,'r00086','i0024');
INSERT INTO COMPOSITION VALUES (23,1,'r00086','i0012');

INSERT INTO COMPOSITION VALUES (24,150,'r00085','i0025');
INSERT INTO COMPOSITION VALUES (25,100,'r00085','i0016');
INSERT INTO COMPOSITION VALUES (26,100,'r00085','i0009');
INSERT INTO COMPOSITION VALUES (27,3,'r00085','i0019');
INSERT INTO COMPOSITION VALUES (28,7.5,'r00085','i0027');
INSERT INTO COMPOSITION VALUES (29,1,'r00086','i0012');

INSERT INTO COMPOSITION VALUES (30,4000,'r0006','i0032');
INSERT INTO COMPOSITION VALUES (31,200,'r0006','i0010');
INSERT INTO COMPOSITION VALUES (32,5,'r0006','i0033');
INSERT INTO COMPOSITION VALUES (33,150,'r0006','i0008');
INSERT INTO COMPOSITION VALUES (34,1,'r0006','i0013');

INSERT INTO COMPOSITION VALUES (35,500,'r00087','i0018');
INSERT INTO COMPOSITION VALUES (36,30,'r00087','i0017');
INSERT INTO COMPOSITION VALUES (37,100,'r00087','i0016');
INSERT INTO COMPOSITION VALUES (38,7.5,'r00087','i0027');
INSERT INTO COMPOSITION VALUES (39,3,'r00087','i0020');
INSERT INTO COMPOSITION VALUES (40,1000,'r00087','i0035');
INSERT INTO COMPOSITION VALUES (41,15,'r00087','i0034');
INSERT INTO COMPOSITION VALUES (42,30,'r00087','i0009');

INSERT INTO COMPOSITION VALUES (43,2,'r00105','i0020');
INSERT INTO COMPOSITION VALUES (44,150,'r00105','i0036');
INSERT INTO COMPOSITION VALUES (45,10,'r00105','i0038');
INSERT INTO COMPOSITION VALUES (46,12,'r00105','i0037');
INSERT INTO COMPOSITION VALUES (47,3,'r00105','i0012');
INSERT INTO COMPOSITION VALUES (48,2,'r00105','i0013');

INSERT INTO COMPOSITION VALUES (49,250,'r00106','i0041');
INSERT INTO COMPOSITION VALUES (50,500,'r00106','i0006');
INSERT INTO COMPOSITION VALUES (51,1,'r00106','i0019');
INSERT INTO COMPOSITION VALUES (52,7,'r00106','i0012');

INSERT INTO COMPOSITION VALUES (53,1000,'r0002','i0018');
INSERT INTO COMPOSITION VALUES (54,500,'r0002','i0017');
INSERT INTO COMPOSITION VALUES (55,5,'r0002','i0019');
INSERT INTO COMPOSITION VALUES (56,1,'r0002','i0012');

INSERT INTO COMPOSITION VALUES (57,4,'r00089','i0043');
INSERT INTO COMPOSITION VALUES (58,60,'r00089','i0016');
INSERT INTO COMPOSITION VALUES (59,200,'r00089','i0010');
INSERT INTO COMPOSITION VALUES (60,50,'r00089','i0043');

INSERT INTO COMPOSITION VALUES (61,2,'r00107','i0042');

INSERT INTO COMPOSITION VALUES (62,1,'r00104','i0045');
INSERT INTO COMPOSITION VALUES (63,200,'r00104','i0046');
INSERT INTO COMPOSITION VALUES (64,100,'r00104','i0047');
INSERT INTO COMPOSITION VALUES (65,1000,'r00108','i0048');
INSERT INTO COMPOSITION VALUES (66,4,'r00108','i0012');
INSERT INTO COMPOSITION VALUES (67,5,'r00108','i0013');
INSERT INTO COMPOSITION VALUES (68,150,'r00108','i0006');


-- rangements

-- RefRangement, NomRangement

INSERT INTO RANGEMENT VALUES ('R0001','réfrigérateur');
INSERT INTO RANGEMENT VALUES ('R0002','congélateur');
INSERT INTO RANGEMENT VALUES ('R0003','Placard haut droit 1');
INSERT INTO RANGEMENT VALUES ('R0004','Placard haut droit 2');
INSERT INTO RANGEMENT VALUES ('R0005','Placard haut droit 3');
INSERT INTO RANGEMENT VALUES ('R0006','Placard bas 1');
INSERT INTO RANGEMENT VALUES ('R0007','Placard bas 2');
INSERT INTO RANGEMENT VALUES ('R0008','Placard haut gauche 1');
INSERT INTO RANGEMENT VALUES ('R0009','Placard haut gauche 2');
INSERT INTO RANGEMENT VALUES ('R0010','Placard haut gauche 3');
INSERT INTO RANGEMENT VALUES ('R0011','Placard haut gauche 4');
INSERT INTO RANGEMENT VALUES ('R1000','Cave');

-- produits

-- RefProduit, DescriptifProduit, DatePeremption, QuantiteProduit, PrixProduit, RefRangement, RefIngredient 

INSERT INTO PRODUIT VALUES ('P00001', 'Tomates du marché de Bruz', '28/11/2014', 2000, 6, 'R1000','i0028');
INSERT INTO PRODUIT VALUES ('P00002', 'Pommes des jardins d''Orgères', '25/12/2014', 3000, 5.25, 'R1000','i0029');
INSERT INTO PRODUIT VALUES ('P00003','Beurre en barquette à tartiner', '01/12/2014', 250, 3.30,'R0001','i0009');
INSERT INTO PRODUIT VALUES ('P00004','Beurre à cuisiner', '30/11/2014', 500, 3.00,'R0001','i0009');
INSERT INTO PRODUIT VALUES ('P00005','Beurre allégé', '17/11/2014', 250, 3.50,'R0001','i0009');
INSERT INTO PRODUIT VALUES ('P00006','Oeufs de taille moyenne', '03/01/2015', 24,2.49 ,'R0001','i0019');
INSERT INTO PRODUIT VALUES ('P00007','Crème légère épaisse', '27/11/2014', 200,0.80 ,'R0001','i0010');
INSERT INTO PRODUIT VALUES ('P00008','Pommes de terre catégorie Belle de Fontenay', '15/01/2015', 3000,3 ,'R1000','i0039');
INSERT INTO PRODUIT VALUES ('P00009','Pommes de terre pour la purée', '24/01/2015', 1000,0.75 ,'R0006','i0039');
INSERT INTO PRODUIT VALUES ('P00010','Ananas du Brésil', '13/01/2015', 1000,2.50 ,'R0006','i0040');
INSERT INTO PRODUIT VALUES ('P00011','farine de blé', '25/03/2015', 1000,1.05 ,'R0006','i0017');
INSERT INTO PRODUIT VALUES ('P00012','farine', '18/05/2015', 1000,1.00 ,'R0006','i0017');
INSERT INTO PRODUIT VALUES ('P00013','farine de blé noir', '15/01/2015', 1000,2.50 ,'R0009','i0041');
INSERT INTO PRODUIT VALUES ('P00014','huile enrichie en oméga 3', '25/02/2016', 750,3.50 ,'R0009','i0036');
INSERT INTO PRODUIT VALUES ('P00015','six oeufs', '26/12/2014', 6 ,1.00 ,'R0009','i0019');
INSERT INTO PRODUIT VALUES ('P00016','deux bouteilles d''eau minérale', '01/02/2015', 3 ,1.00 ,'R0009','i0006');
INSERT INTO PRODUIT VALUES ('P00017','Six briques de lait', '06/01/2015', 6000 ,3.60 ,'R0007','i0018');
INSERT INTO PRODUIT VALUES ('P00018','farine blanche', '27/05/2015', 1000,1.05 ,'R0007','i0017');
INSERT INTO PRODUIT VALUES ('P00019','salière', '29/12/2016', 250,0.80 ,'R0007','i0012');
INSERT INTO PRODUIT VALUES ('P00020','oeufs de ferme', '19/12/2014', 6,2.09 ,'R0007','i0019');
INSERT INTO PRODUIT VALUES ('P00021','les pamplemousses', '08/12/2014', 6,2.09 ,'R0001','i0042');
INSERT INTO PRODUIT VALUES ('P00022','Deux pâtes feuilletées', '13/11/2014', 2 ,2.24 ,'R0001','i0045');
INSERT INTO PRODUIT VALUES ('P00023','Jambon à la coupe', '28/11/2014', 10 ,7.00 ,'R0001','i0046');
INSERT INTO PRODUIT VALUES ('P00024','Gruyère','26/12/2014', 500 ,3.5 ,'R0001','i0047');
INSERT INTO PRODUIT VALUES ('P00025','Beurre au sel de Guérande', '01/12/2014', 500, 4.0,'R0001','i0009');
INSERT INTO PRODUIT VALUES('P00030','rosbif de mon meilleur boucher','28/11/2014', 1000 ,25 ,'R0001','i0048');








